Registration number,Registration date,Building use type,Building use,Direction,longitude,latitude,Municipality,Province,primary consumption ratio,Primary energy label,CO2 emissions ratio,CO2 emitions Rating,Heating demand ratio,Heating demand rating,Cooling demand ratio,Cooling demand ratio.1,"Position,,,"
sdv-id-qHCbls,2015-09-26,SINGLE FAMILY HOUSES,SINGLE-FAMILY TOWNHOUSE,"CALLE VENTANAS 5,5593, ALDEHUELA (LA)",158.842739,-3.498617,ALDEHUELA (LA),ÁVILA,333,E,68,E,206.07,E,12.24,N.C.,"40.154211,-5.239355"
sdv-id-AfUutX,2015-09-26,SINGLE FAMILY HOUSES,ISOLATED SINGLE-FAMILY HOUSE,"CALLE VALLESPIN 15 PL 2ª PT D,5001, ÁVILA",75.618851,-23.217808,ÁVILA,ÁVILA,304,E,62,E,194.53,E,3.57,N.C.,"40.666076,-4.67419"
sdv-id-nEQyIO,2015-09-26,HOUSING BLOCKS,INDIVIDUAL HOUSING IN BLOCK,"CALLE VENTANAS 5,5593, ALDEHUELA (LA)",-150.526507,-23.866797,ALDEHUELA (LA),ÁVILA,234,E,47,E,149.86,E,3.22,N.C.,"40.666076,-4.67419"
sdv-id-WvzNXz,2015-09-26,HOUSING BLOCKS,INDIVIDUAL HOUSING IN BLOCK,"CALLE AJATES 45 PL 1,5005, ÁVILA",-28.974401,-35.690037,ÁVILA,ÁVILA,149,D,30,D,70.09,C,0.0,N.C.,"40.659187,-4.699222"
sdv-id-AzHKAR,2015-09-26,HOUSING BLOCKS,INDIVIDUAL HOUSING IN BLOCK,"CALLE LOS MOLINOS 20,5490, LANZAHITA",22.168701,21.117953,LANZAHÍTA,ÁVILA,514,G,104,G,275.24,G,0.0,N.C.,"40.666076,-4.67419"
sdv-id-EwxWgL,2015-09-26,HOUSING BLOCKS,INDIVIDUAL HOUSING IN BLOCK,"CALLE DE LA VEREDA DEL ESQUILEO 9 ESC B PL 1 PT A,5004, ÁVILA",-12.966023,75.489756,ÁVILA,ÁVILA,269,E,55,E,175.57,E,2.97,N.C.,"40.205858,-4.935098"
sdv-id-lALdhQ,2015-09-26,SINGLE FAMILY HOUSES,ISOLATED SINGLE-FAMILY HOUSE,"CALLE LOS MOLINOS 20,5490, LANZAHITA",-38.167353,51.507034,LANZAHÍTA,ÁVILA,632,G,165,G,412.48,G,0.0,N.C.,"40.205858,-4.935098"
sdv-id-tqwMSa,2015-09-26,SINGLE FAMILY HOUSES,SINGLE-FAMILY TOWNHOUSE,"CALLE DE LA VEREDA DEL ESQUILEO 9 ESC B PL 1 PT A,5004, ÁVILA",-169.731544,43.9388675,ÁVILA,ÁVILA,401,E,54,D,190.9,E,0.0,N.C.,"40.666076,-4.67419"
sdv-id-oPFCJQ,2015-09-26,SINGLE FAMILY HOUSES,ISOLATED SINGLE-FAMILY HOUSE,"CALLE VENTANAS 5,5593, ALDEHUELA (LA)",12.595993,39.4060235,ALDEHUELA (LA),ÁVILA,57,D,215,D,152.31,D,4.72,N.C.,"40.283576,-4.767864"
